file_path	icona_attuale	tipo	contesto	proposta_tabler	note
toonz/sources/toonz/icons/dark/ztoryc/ztoryc_add_shot.svg	ztoryc_add_shot.svg	svg	Ztoryc board/animatic toolbar	lucide/square-plus	
toonz/sources/toonz/icons/dark/ztoryc/ztoryc_automatch.svg	ztoryc_automatch.svg	svg	Ztoryc board/animatic toolbar	tabler/arrow-autofit-width	
toonz/sources/toonz/icons/dark/ztoryc/ztoryc_av_link.svg	ztoryc_av_link.svg	svg	Ztoryc board/animatic toolbar	lucide/unlink	catena APERTA (off)
toonz/sources/toonz/icons/dark/ztoryc/ztoryc_av_link_on.svg	ztoryc_av_link_on.svg	svg	Ztoryc board/animatic toolbar	lucide/link	catena CHIUSA (on)
toonz/sources/toonz/icons/dark/ztoryc/ztoryc_clone.svg	ztoryc_clone.svg	svg	Ztoryc board/animatic toolbar	lucide/copy-plus	
toonz/sources/toonz/icons/dark/ztoryc/ztoryc_copy.svg	ztoryc_copy.svg	svg	Ztoryc board/animatic toolbar	lucide/copy	
toonz/sources/toonz/icons/dark/ztoryc/ztoryc_delete_shot.svg	ztoryc_delete_shot.svg	svg	Ztoryc board/animatic toolbar	lucide/trash-2	
toonz/sources/toonz/icons/dark/ztoryc/ztoryc_edit_shot.svg	ztoryc_edit_shot.svg	svg	Ztoryc board/animatic toolbar	lucide/pencil	
toonz/sources/toonz/icons/dark/ztoryc/ztoryc_export_animatic.svg	ztoryc_export_animatic.svg	svg	Ztoryc board/animatic toolbar	lucide/film	
toonz/sources/toonz/icons/dark/ztoryc/ztoryc_export_pdf.svg	ztoryc_export_pdf.svg	svg	Ztoryc board/animatic toolbar	tabler/file-type-pdf	
toonz/sources/toonz/icons/dark/ztoryc/ztoryc_export_shots.svg	ztoryc_export_shots.svg	svg	Ztoryc board/animatic toolbar	CUSTOM	clapperboard motif: fila di 3 ciak (esterni tagliati) con scritta 'tnz'
toonz/sources/toonz/icons/dark/ztoryc/ztoryc_lock.svg	ztoryc_lock.svg	svg	Ztoryc board/animatic toolbar	lucide/lock-open	
toonz/sources/toonz/icons/dark/ztoryc/ztoryc_lock_on.svg	ztoryc_lock_on.svg	svg	Ztoryc board/animatic toolbar	lucide/lock	
toonz/sources/toonz/icons/dark/ztoryc/ztoryc_merge.svg	ztoryc_merge.svg	svg	Ztoryc board/animatic toolbar	CUSTOM	da creare: due blocchi uniti da simbolo link/freccia
toonz/sources/toonz/icons/dark/ztoryc/ztoryc_numbering.svg	ztoryc_numbering.svg	svg	Ztoryc board/animatic toolbar	tabler/list-numbers	
toonz/sources/toonz/icons/dark/ztoryc/ztoryc_paste.svg	ztoryc_paste.svg	svg	Ztoryc board/animatic toolbar	lucide/clipboard-paste	
toonz/sources/toonz/icons/dark/ztoryc/ztoryc_razor.svg	ztoryc_razor.svg	svg	Ztoryc board/animatic toolbar	lucide/scissors	
toonz/sources/toonz/icons/dark/ztoryc/ztoryc_refresh_preview.svg	ztoryc_refresh_preview.svg	svg	Ztoryc board/animatic toolbar	lucide/refresh-cw	
toonz/sources/toonz/icons/dark/ztoryc/ztoryc_select.svg	ztoryc_select.svg	svg	Ztoryc board/animatic toolbar	tabler/pointer	
toonz/sources/toonz/icons/dark/ztoryc/ztoryc_trim.svg	ztoryc_trim.svg	svg	Ztoryc board/animatic toolbar	(tieni attuale)	bottone Trim/Roll: l'icona seam attuale va bene
toonz/sources/toonz/icons/dark/tools/20/animate.svg	animate.svg	svg	drawing tool		
toonz/sources/toonz/icons/dark/tools/20/animate_position.svg	animate_position.svg	svg	drawing tool		
toonz/sources/toonz/icons/dark/tools/20/bender.svg	bender.svg	svg	drawing tool		
toonz/sources/toonz/icons/dark/tools/20/brush.svg	brush.svg	svg	drawing tool		
toonz/sources/toonz/icons/dark/tools/20/controlpointeditor.svg	controlpointeditor.svg	svg	drawing tool		
toonz/sources/toonz/icons/dark/tools/20/cutter.svg	cutter.svg	svg	drawing tool		
toonz/sources/toonz/icons/dark/tools/20/eraser.svg	eraser.svg	svg	drawing tool		
toonz/sources/toonz/icons/dark/tools/20/fill.svg	fill.svg	svg	drawing tool		
toonz/sources/toonz/icons/dark/tools/20/finger.svg	finger.svg	svg	drawing tool		
toonz/sources/toonz/icons/dark/tools/20/geometric.svg	geometric.svg	svg	drawing tool		
toonz/sources/toonz/icons/dark/tools/20/hand.svg	hand.svg	svg	drawing tool		
toonz/sources/toonz/icons/dark/tools/20/hook.svg	hook.svg	svg	drawing tool		
toonz/sources/toonz/icons/dark/tools/20/iron.svg	iron.svg	svg	drawing tool		
toonz/sources/toonz/icons/dark/tools/20/magnet.svg	magnet.svg	svg	drawing tool		
toonz/sources/toonz/icons/dark/tools/20/paintbrush.svg	paintbrush.svg	svg	drawing tool		
toonz/sources/toonz/icons/dark/tools/20/perspective_grid.svg	perspective_grid.svg	svg	drawing tool		
toonz/sources/toonz/icons/dark/tools/20/pinch.svg	pinch.svg	svg	drawing tool		
toonz/sources/toonz/icons/dark/tools/20/plastic.svg	plastic.svg	svg	drawing tool		
toonz/sources/toonz/icons/dark/tools/20/pump.svg	pump.svg	svg	drawing tool		
toonz/sources/toonz/icons/dark/tools/20/radar.svg	radar.svg	svg	drawing tool		
toonz/sources/toonz/icons/dark/tools/20/rgbpicker.svg	rgbpicker.svg	svg	drawing tool		
toonz/sources/toonz/icons/dark/tools/20/rgbpicker_on.svg	rgbpicker_on.svg	svg	drawing tool		
toonz/sources/toonz/icons/dark/tools/20/rgbpicker_over.svg	rgbpicker_over.svg	svg	drawing tool		
toonz/sources/toonz/icons/dark/tools/20/rotate.svg	rotate.svg	svg	drawing tool		
toonz/sources/toonz/icons/dark/tools/20/ruler.svg	ruler.svg	svg	drawing tool		
toonz/sources/toonz/icons/dark/tools/20/selection.svg	selection.svg	svg	drawing tool		
toonz/sources/toonz/icons/dark/tools/20/skeleton.svg	skeleton.svg	svg	drawing tool		
toonz/sources/toonz/icons/dark/tools/20/stylepicker.svg	stylepicker.svg	svg	drawing tool		
toonz/sources/toonz/icons/dark/tools/20/symmetry.svg	symmetry.svg	svg	drawing tool		
toonz/sources/toonz/icons/dark/tools/20/tape.svg	tape.svg	svg	drawing tool		
toonz/sources/toonz/icons/dark/tools/20/tracker.svg	tracker.svg	svg	drawing tool		
toonz/sources/toonz/icons/dark/tools/20/type.svg	type.svg	svg	drawing tool		
toonz/sources/toonz/icons/dark/tools/20/zoom.svg	zoom.svg	svg	drawing tool		
toonz/sources/toonz/icons/dark/tools/18/edit_all.svg	edit_all.svg	svg	drawing tool		
toonz/sources/toonz/icons/dark/tools/18/edit_center.svg	edit_center.svg	svg	drawing tool		
toonz/sources/toonz/icons/dark/tools/18/edit_drawingnumber.svg	edit_drawingnumber.svg	svg	drawing tool		
toonz/sources/toonz/icons/dark/tools/18/edit_position.svg	edit_position.svg	svg	drawing tool		
toonz/sources/toonz/icons/dark/tools/18/edit_rotation.svg	edit_rotation.svg	svg	drawing tool		
toonz/sources/toonz/icons/dark/tools/18/edit_scale.svg	edit_scale.svg	svg	drawing tool		
toonz/sources/toonz/icons/dark/tools/18/edit_shear.svg	edit_shear.svg	svg	drawing tool		
toonz/sources/toonz/icons/dark/mimetypes/audio_icon.svg	audio_icon.svg	svg	file mimetype		
toonz/sources/toonz/icons/dark/mimetypes/broken_icon.svg	broken_icon.svg	svg	file mimetype		
toonz/sources/toonz/icons/dark/mimetypes/cleanup_icon.svg	cleanup_icon.svg	svg	file mimetype		
toonz/sources/toonz/icons/dark/mimetypes/curve_icon.svg	curve_icon.svg	svg	file mimetype		
toonz/sources/toonz/icons/dark/mimetypes/json_icon.svg	json_icon.svg	svg	file mimetype		
toonz/sources/toonz/icons/dark/mimetypes/missing_icon.svg	missing_icon.svg	svg	file mimetype		
toonz/sources/toonz/icons/dark/mimetypes/motionpath_icon.svg	motionpath_icon.svg	svg	file mimetype		
toonz/sources/toonz/icons/dark/mimetypes/prodboard_icon.svg	prodboard_icon.svg	svg	file mimetype		
toonz/sources/toonz/icons/dark/mimetypes/psd_icon.svg	psd_icon.svg	svg	file mimetype		
toonz/sources/toonz/icons/dark/mimetypes/script_icon.svg	script_icon.svg	svg	file mimetype		
toonz/sources/toonz/icons/dark/mimetypes/svg_icon.svg	svg_icon.svg	svg	file mimetype		
toonz/sources/toonz/icons/dark/mimetypes/tasklist_icon.svg	tasklist_icon.svg	svg	file mimetype		
toonz/sources/toonz/icons/dark/mimetypes/unknown_icon.svg	unknown_icon.svg	svg	file mimetype		
toonz/sources/toonz/icons/dark/mimetypes/xdts_icon.svg	xdts_icon.svg	svg	file mimetype		
toonz/sources/toonz/icons/dark/actions/35/task_cleanup_completed.svg	task_cleanup_completed.svg	svg	menu/toolbar action		
toonz/sources/toonz/icons/dark/actions/35/task_cleanup_completed_with_errors.svg	task_cleanup_completed_with_errors.svg	svg	menu/toolbar action		
toonz/sources/toonz/icons/dark/actions/35/task_cleanup_computing.svg	task_cleanup_computing.svg	svg	menu/toolbar action		
toonz/sources/toonz/icons/dark/actions/35/task_cleanup_failed.svg	task_cleanup_failed.svg	svg	menu/toolbar action		
toonz/sources/toonz/icons/dark/actions/35/task_cleanup_suspended.svg	task_cleanup_suspended.svg	svg	menu/toolbar action		
toonz/sources/toonz/icons/dark/actions/35/task_cln_completed.svg	task_cln_completed.svg	svg	menu/toolbar action		
toonz/sources/toonz/icons/dark/actions/35/task_cln_completed_with_errors.svg	task_cln_completed_with_errors.svg	svg	menu/toolbar action		
toonz/sources/toonz/icons/dark/actions/35/task_cln_computing.svg	task_cln_computing.svg	svg	menu/toolbar action		
toonz/sources/toonz/icons/dark/actions/35/task_cln_failed.svg	task_cln_failed.svg	svg	menu/toolbar action		
toonz/sources/toonz/icons/dark/actions/35/task_cln_suspended.svg	task_cln_suspended.svg	svg	menu/toolbar action		
toonz/sources/toonz/icons/dark/actions/35/task_render_completed.svg	task_render_completed.svg	svg	menu/toolbar action		
toonz/sources/toonz/icons/dark/actions/35/task_render_completed_with_errors.svg	task_render_completed_with_errors.svg	svg	menu/toolbar action		
toonz/sources/toonz/icons/dark/actions/35/task_render_computing.svg	task_render_computing.svg	svg	menu/toolbar action		
toonz/sources/toonz/icons/dark/actions/35/task_render_failed.svg	task_render_failed.svg	svg	menu/toolbar action		
toonz/sources/toonz/icons/dark/actions/35/task_render_suspended.svg	task_render_suspended.svg	svg	menu/toolbar action		
toonz/sources/toonz/icons/dark/actions/60/folder_browser.svg	folder_browser.svg	svg	menu/toolbar action		
toonz/sources/toonz/icons/dark/actions/60/folder_browser_link.svg	folder_browser_link.svg	svg	menu/toolbar action		
toonz/sources/toonz/icons/dark/actions/60/folder_browser_up.svg	folder_browser_up.svg	svg	menu/toolbar action		
toonz/sources/toonz/icons/dark/actions/20/dragpalette.svg	dragpalette.svg	svg	menu/toolbar action		
toonz/sources/toonz/icons/dark/actions/20/eraser_freehand.svg	eraser_freehand.svg	svg	menu/toolbar action		
toonz/sources/toonz/icons/dark/actions/20/eraser_normal.svg	eraser_normal.svg	svg	menu/toolbar action		
toonz/sources/toonz/icons/dark/actions/20/eraser_polyline.svg	eraser_polyline.svg	svg	menu/toolbar action		
toonz/sources/toonz/icons/dark/actions/20/eraser_rectangular.svg	eraser_rectangular.svg	svg	menu/toolbar action		
toonz/sources/toonz/icons/dark/actions/20/eraser_segment.svg	eraser_segment.svg	svg	menu/toolbar action		
toonz/sources/toonz/icons/dark/actions/20/fill_freehand.svg	fill_freehand.svg	svg	menu/toolbar action		
toonz/sources/toonz/icons/dark/actions/20/fill_freepick.svg	fill_freepick.svg	svg	menu/toolbar action		
toonz/sources/toonz/icons/dark/actions/20/fill_mode_areas.svg	fill_mode_areas.svg	svg	menu/toolbar action		
toonz/sources/toonz/icons/dark/actions/20/fill_mode_lines.svg	fill_mode_lines.svg	svg	menu/toolbar action		
toonz/sources/toonz/icons/dark/actions/20/fill_mode_lines_areas.svg	fill_mode_lines_areas.svg	svg	menu/toolbar action		
toonz/sources/toonz/icons/dark/actions/20/fill_normal.svg	fill_normal.svg	svg	menu/toolbar action		
toonz/sources/toonz/icons/dark/actions/20/fill_polyline.svg	fill_polyline.svg	svg	menu/toolbar action		
toonz/sources/toonz/icons/dark/actions/20/fill_rectangular.svg	fill_rectangular.svg	svg	menu/toolbar action		
toonz/sources/toonz/icons/dark/actions/20/geometric_arc.svg	geometric_arc.svg	svg	menu/toolbar action		
toonz/sources/toonz/icons/dark/actions/20/geometric_circle.svg	geometric_circle.svg	svg	menu/toolbar action		
toonz/sources/toonz/icons/dark/actions/20/geometric_ellipse.svg	geometric_ellipse.svg	svg	menu/toolbar action		
toonz/sources/toonz/icons/dark/actions/20/geometric_line.svg	geometric_line.svg	svg	menu/toolbar action		
toonz/sources/toonz/icons/dark/actions/20/geometric_multiarc.svg	geometric_multiarc.svg	svg	menu/toolbar action		
toonz/sources/toonz/icons/dark/actions/20/geometric_polygon.svg	geometric_polygon.svg	svg	menu/toolbar action		
toonz/sources/toonz/icons/dark/actions/20/geometric_polyline.svg	geometric_polyline.svg	svg	menu/toolbar action		
toonz/sources/toonz/icons/dark/actions/20/geometric_rectangle.svg	geometric_rectangle.svg	svg	menu/toolbar action		
toonz/sources/toonz/icons/dark/actions/20/hand_schematic.svg	hand_schematic.svg	svg	menu/toolbar action		
toonz/sources/toonz/icons/dark/actions/20/iconifynodes.svg	iconifynodes.svg	svg	menu/toolbar action		
toonz/sources/toonz/icons/dark/actions/20/iconifynodes_on.svg	iconifynodes_on.svg	svg	menu/toolbar action		
toonz/sources/toonz/icons/dark/actions/20/iconifynodes_over.svg	iconifynodes_over.svg	svg	menu/toolbar action		
toonz/sources/toonz/icons/dark/actions/20/key_modified.svg	key_modified.svg	svg	menu/toolbar action		
toonz/sources/toonz/icons/dark/actions/20/key_off.svg	key_off.svg	svg	menu/toolbar action		
toonz/sources/toonz/icons/dark/actions/20/key_on.svg	key_on.svg	svg	menu/toolbar action		
toonz/sources/toonz/icons/dark/actions/20/key_partial.svg	key_partial.svg	svg	menu/toolbar action		
toonz/sources/toonz/icons/dark/actions/20/maximizenodes.svg	maximizenodes.svg	svg	menu/toolbar action		
toonz/sources/toonz/icons/dark/actions/20/minimizenodes.svg	minimizenodes.svg	svg	menu/toolbar action		
toonz/sources/toonz/icons/dark/actions/20/mode_areas.svg	mode_areas.svg	svg	menu/toolbar action		
toonz/sources/toonz/icons/dark/actions/20/mode_areas_lines.svg	mode_areas_lines.svg	svg	menu/toolbar action		
toonz/sources/toonz/icons/dark/actions/20/mode_lines.svg	mode_lines.svg	svg	menu/toolbar action		
toonz/sources/toonz/icons/dark/actions/20/motionpath.svg	motionpath.svg	svg	menu/toolbar action		
toonz/sources/toonz/icons/dark/actions/20/newstyle.svg	newstyle.svg	svg	menu/toolbar action		
toonz/sources/toonz/icons/dark/actions/20/onionskin_toggle.svg	onionskin_toggle.svg	svg	menu/toolbar action		
toonz/sources/toonz/icons/dark/actions/20/paintbrush_mode_areas.svg	paintbrush_mode_areas.svg	svg	menu/toolbar action		
toonz/sources/toonz/icons/dark/actions/20/paintbrush_mode_lines.svg	paintbrush_mode_lines.svg	svg	menu/toolbar action		
toonz/sources/toonz/icons/dark/actions/20/paintbrush_mode_lines_areas.svg	paintbrush_mode_lines_areas.svg	svg	menu/toolbar action		
toonz/sources/toonz/icons/dark/actions/20/pane_3d.svg	pane_3d.svg	svg	menu/toolbar action		
toonz/sources/toonz/icons/dark/actions/20/pane_cam.svg	pane_cam.svg	svg	menu/toolbar action		
toonz/sources/toonz/icons/dark/actions/20/pane_close.svg	pane_close.svg	svg	menu/toolbar action		
toonz/sources/toonz/icons/dark/actions/20/pane_freeze.svg	pane_freeze.svg	svg	menu/toolbar action		
toonz/sources/toonz/icons/dark/actions/20/pane_grid.svg	pane_grid.svg	svg	menu/toolbar action		
toonz/sources/toonz/icons/dark/actions/20/pane_minimize.svg	pane_minimize.svg	svg	menu/toolbar action		
toonz/sources/toonz/icons/dark/actions/20/pane_perspective.svg	pane_perspective.svg	svg	menu/toolbar action		
toonz/sources/toonz/icons/dark/actions/20/pane_preview.svg	pane_preview.svg	svg	menu/toolbar action		
toonz/sources/toonz/icons/dark/actions/20/pane_safe.svg	pane_safe.svg	svg	menu/toolbar action		
toonz/sources/toonz/icons/dark/actions/20/pane_subpreview.svg	pane_subpreview.svg	svg	menu/toolbar action		
toonz/sources/toonz/icons/dark/actions/20/pane_symmetry.svg	pane_symmetry.svg	svg	menu/toolbar action		
toonz/sources/toonz/icons/dark/actions/20/pane_table.svg	pane_table.svg	svg	menu/toolbar action		
toonz/sources/toonz/icons/dark/actions/20/pegbar.svg	pegbar.svg	svg	menu/toolbar action		
toonz/sources/toonz/icons/dark/actions/20/reorder.svg	reorder.svg	svg	menu/toolbar action		
toonz/sources/toonz/icons/dark/actions/20/segment_linked.svg	segment_linked.svg	svg	menu/toolbar action		
toonz/sources/toonz/icons/dark/actions/20/segment_linked_on.svg	segment_linked_on.svg	svg	menu/toolbar action		
toonz/sources/toonz/icons/dark/actions/20/selection_freehand.svg	selection_freehand.svg	svg	menu/toolbar action		
toonz/sources/toonz/icons/dark/actions/20/selection_normal.svg	selection_normal.svg	svg	menu/toolbar action		
toonz/sources/toonz/icons/dark/actions/20/selection_polyline.svg	selection_polyline.svg	svg	menu/toolbar action		
toonz/sources/toonz/icons/dark/actions/20/selection_rectangular.svg	selection_rectangular.svg	svg	menu/toolbar action		
toonz/sources/toonz/icons/dark/actions/20/selection_schematic.svg	selection_schematic.svg	svg	menu/toolbar action		
toonz/sources/toonz/icons/dark/actions/20/stylepicker_areas.svg	stylepicker_areas.svg	svg	menu/toolbar action		
toonz/sources/toonz/icons/dark/actions/20/stylepicker_lines.svg	stylepicker_lines.svg	svg	menu/toolbar action		
toonz/sources/toonz/icons/dark/actions/20/stylepicker_lines_areas.svg	stylepicker_lines_areas.svg	svg	menu/toolbar action		
toonz/sources/toonz/icons/dark/actions/20/swap.svg	swap.svg	svg	menu/toolbar action		
toonz/sources/toonz/icons/dark/actions/20/switchport.svg	switchport.svg	svg	menu/toolbar action		
toonz/sources/toonz/icons/dark/actions/20/switchport_on.svg	switchport_on.svg	svg	menu/toolbar action		
toonz/sources/toonz/icons/dark/actions/20/switchport_over.svg	switchport_over.svg	svg	menu/toolbar action		
toonz/sources/toonz/icons/dark/actions/20/tape_freehand.svg	tape_freehand.svg	svg	menu/toolbar action		
toonz/sources/toonz/icons/dark/actions/20/tape_normal.svg	tape_normal.svg	svg	menu/toolbar action		
toonz/sources/toonz/icons/dark/actions/20/tape_polyline.svg	tape_polyline.svg	svg	menu/toolbar action		
toonz/sources/toonz/icons/dark/actions/20/tape_rectangular.svg	tape_rectangular.svg	svg	menu/toolbar action		
toonz/sources/toonz/icons/dark/actions/20/toggle_xsheet_orientation.svg	toggle_xsheet_orientation.svg	svg	menu/toolbar action		
toonz/sources/toonz/icons/dark/actions/20/touch.svg	touch.svg	svg	menu/toolbar action		
toonz/sources/toonz/icons/dark/actions/20/type_erase_segment.svg	type_erase_segment.svg	svg	menu/toolbar action		
toonz/sources/toonz/icons/dark/actions/20/type_lasso.svg	type_lasso.svg	svg	menu/toolbar action		
toonz/sources/toonz/icons/dark/actions/20/type_normal.svg	type_normal.svg	svg	menu/toolbar action		
toonz/sources/toonz/icons/dark/actions/20/type_pickerlasso.svg	type_pickerlasso.svg	svg	menu/toolbar action		
toonz/sources/toonz/icons/dark/actions/20/type_polyline.svg	type_polyline.svg	svg	menu/toolbar action		
toonz/sources/toonz/icons/dark/actions/20/type_rectangular.svg	type_rectangular.svg	svg	menu/toolbar action		
toonz/sources/toonz/icons/dark/actions/20/zoom_schematic.svg	zoom_schematic.svg	svg	menu/toolbar action		
toonz/sources/toonz/icons/dark/actions/18/fliphoriz2.svg	fliphoriz2.svg	svg	menu/toolbar action		
toonz/sources/toonz/icons/dark/actions/18/flipvert2.svg	flipvert2.svg	svg	menu/toolbar action		
toonz/sources/toonz/icons/dark/actions/18/folder.svg	folder.svg	svg	menu/toolbar action		
toonz/sources/toonz/icons/dark/actions/18/folder_anim.svg	folder_anim.svg	svg	menu/toolbar action		
toonz/sources/toonz/icons/dark/actions/18/folder_anim_inactive.svg	folder_anim_inactive.svg	svg	menu/toolbar action		
toonz/sources/toonz/icons/dark/actions/18/folder_anim_inactive_on.svg	folder_anim_inactive_on.svg	svg	menu/toolbar action		
toonz/sources/toonz/icons/dark/actions/18/folder_anim_on.svg	folder_anim_on.svg	svg	menu/toolbar action		
toonz/sources/toonz/icons/dark/actions/18/folder_inactive.svg	folder_inactive.svg	svg	menu/toolbar action		
toonz/sources/toonz/icons/dark/actions/18/folder_inactive_on.svg	folder_inactive_on.svg	svg	menu/toolbar action		
toonz/sources/toonz/icons/dark/actions/18/folder_on.svg	folder_on.svg	svg	menu/toolbar action		
toonz/sources/toonz/icons/dark/actions/18/folder_preset.svg	folder_preset.svg	svg	menu/toolbar action		
toonz/sources/toonz/icons/dark/actions/18/folder_preset_on.svg	folder_preset_on.svg	svg	menu/toolbar action		
toonz/sources/toonz/icons/dark/actions/18/folder_project.svg	folder_project.svg	svg	menu/toolbar action		
toonz/sources/toonz/icons/dark/actions/18/folder_project_on.svg	folder_project_on.svg	svg	menu/toolbar action		
toonz/sources/toonz/icons/dark/actions/18/folder_project_root.svg	folder_project_root.svg	svg	menu/toolbar action		
toonz/sources/toonz/icons/dark/actions/18/folder_vc.svg	folder_vc.svg	svg	menu/toolbar action		
toonz/sources/toonz/icons/dark/actions/18/folder_vc_on.svg	folder_vc_on.svg	svg	menu/toolbar action		
toonz/sources/toonz/icons/dark/actions/18/fx.svg	fx.svg	svg	menu/toolbar action		
toonz/sources/toonz/icons/dark/actions/18/lock.svg	lock.svg	svg	menu/toolbar action		
toonz/sources/toonz/icons/dark/actions/18/lock_on.svg	lock_on.svg	svg	menu/toolbar action		
toonz/sources/toonz/icons/dark/actions/18/preview.svg	preview.svg	svg	menu/toolbar action		
toonz/sources/toonz/icons/dark/actions/9/pane_more.svg	pane_more.svg	svg	menu/toolbar action		
toonz/sources/toonz/icons/dark/actions/11/menu_toggle.svg	menu_toggle.svg	svg	menu/toolbar action		
toonz/sources/toonz/icons/dark/actions/11/menu_toggle_on.svg	menu_toggle_on.svg	svg	menu/toolbar action		
toonz/sources/toonz/icons/dark/actions/16/actual_pixel_size.svg	actual_pixel_size.svg	svg	menu/toolbar action		
toonz/sources/toonz/icons/dark/actions/16/add_cell.svg	add_cell.svg	svg	menu/toolbar action		
toonz/sources/toonz/icons/dark/actions/16/add_cells.svg	add_cells.svg	svg	menu/toolbar action		
toonz/sources/toonz/icons/dark/actions/16/align_center.svg	align_center.svg	svg	menu/toolbar action		
toonz/sources/toonz/icons/dark/actions/16/align_left.svg	align_left.svg	svg	menu/toolbar action		
toonz/sources/toonz/icons/dark/actions/16/align_right.svg	align_right.svg	svg	menu/toolbar action		
toonz/sources/toonz/icons/dark/actions/16/alpha_locked.svg	alpha_locked.svg	svg	menu/toolbar action		
toonz/sources/toonz/icons/dark/actions/16/antialias.svg	antialias.svg	svg	menu/toolbar action		
toonz/sources/toonz/icons/dark/actions/16/apply_match_lines.svg	apply_match_lines.svg	svg	menu/toolbar action		
toonz/sources/toonz/icons/dark/actions/16/auto_create.svg	auto_create.svg	svg	menu/toolbar action		
toonz/sources/toonz/icons/dark/actions/16/auto_create_on.svg	auto_create_on.svg	svg	menu/toolbar action		
toonz/sources/toonz/icons/dark/actions/16/auto_input_cell_number.svg	auto_input_cell_number.svg	svg	menu/toolbar action		
toonz/sources/toonz/icons/dark/actions/16/auto_stretch.svg	auto_stretch.svg	svg	menu/toolbar action		
toonz/sources/toonz/icons/dark/actions/16/auto_stretch_on.svg	auto_stretch_on.svg	svg	menu/toolbar action		
toonz/sources/toonz/icons/dark/actions/16/autocenter.svg	autocenter.svg	svg	menu/toolbar action		
toonz/sources/toonz/icons/dark/actions/16/autoexpose.svg	autoexpose.svg	svg	menu/toolbar action		
toonz/sources/toonz/icons/dark/actions/16/batchservers.svg	batchservers.svg	svg	menu/toolbar action		
toonz/sources/toonz/icons/dark/actions/16/bevel_join.svg	bevel_join.svg	svg	menu/toolbar action		
toonz/sources/toonz/icons/dark/actions/16/binarize.svg	binarize.svg	svg	menu/toolbar action		
toonz/sources/toonz/icons/dark/actions/16/blackbg_check.svg	blackbg_check.svg	svg	menu/toolbar action		
toonz/sources/toonz/icons/dark/actions/16/blankframes.svg	blankframes.svg	svg	menu/toolbar action		
toonz/sources/toonz/icons/dark/actions/16/bold.svg	bold.svg	svg	menu/toolbar action		
toonz/sources/toonz/icons/dark/actions/16/brightness_contrast.svg	brightness_contrast.svg	svg	menu/toolbar action		
toonz/sources/toonz/icons/dark/actions/16/butt_cap.svg	butt_cap.svg	svg	menu/toolbar action		
toonz/sources/toonz/icons/dark/actions/16/cache_fx.svg	cache_fx.svg	svg	menu/toolbar action		
toonz/sources/toonz/icons/dark/actions/16/camera.svg	camera.svg	svg	menu/toolbar action		
toonz/sources/toonz/icons/dark/actions/16/camera_capture.svg	camera_capture.svg	svg	menu/toolbar action		
toonz/sources/toonz/icons/dark/actions/16/camera_settings.svg	camera_settings.svg	svg	menu/toolbar action		
toonz/sources/toonz/icons/dark/actions/16/camera_test.svg	camera_test.svg	svg	menu/toolbar action		
toonz/sources/toonz/icons/dark/actions/16/center_reset.svg	center_reset.svg	svg	menu/toolbar action		
toonz/sources/toonz/icons/dark/actions/16/centerline.svg	centerline.svg	svg	menu/toolbar action		
toonz/sources/toonz/icons/dark/actions/16/clapboard.svg	clapboard.svg	svg	menu/toolbar action		
toonz/sources/toonz/icons/dark/actions/16/cleanup.svg	cleanup.svg	svg	menu/toolbar action		
toonz/sources/toonz/icons/dark/actions/16/cleanup_add.svg	cleanup_add.svg	svg	menu/toolbar action		
toonz/sources/toonz/icons/dark/actions/16/cleanup_preview.svg	cleanup_preview.svg	svg	menu/toolbar action		
toonz/sources/toonz/icons/dark/actions/16/cleanup_settings.svg	cleanup_settings.svg	svg	menu/toolbar action		
toonz/sources/toonz/icons/dark/actions/16/clear.svg	clear.svg	svg	menu/toolbar action		
toonz/sources/toonz/icons/dark/actions/16/clear_cache.svg	clear_cache.svg	svg	menu/toolbar action		
toonz/sources/toonz/icons/dark/actions/16/clipping_mask.svg	clipping_mask.svg	svg	menu/toolbar action		
toonz/sources/toonz/icons/dark/actions/16/clone_cells.svg	clone_cells.svg	svg	menu/toolbar action		
toonz/sources/toonz/icons/dark/actions/16/collect_assets.svg	collect_assets.svg	svg	menu/toolbar action		
toonz/sources/toonz/icons/dark/actions/16/colorfade.svg	colorfade.svg	svg	menu/toolbar action		
toonz/sources/toonz/icons/dark/actions/16/colormodel.svg	colormodel.svg	svg	menu/toolbar action		
toonz/sources/toonz/icons/dark/actions/16/comboviewer.svg	comboviewer.svg	svg	menu/toolbar action		
toonz/sources/toonz/icons/dark/actions/16/compare.svg	compare.svg	svg	menu/toolbar action		
toonz/sources/toonz/icons/dark/actions/16/config.svg	config.svg	svg	menu/toolbar action		
toonz/sources/toonz/icons/dark/actions/16/connect.svg	connect.svg	svg	menu/toolbar action		
toonz/sources/toonz/icons/dark/actions/16/console.svg	console.svg	svg	menu/toolbar action		
toonz/sources/toonz/icons/dark/actions/16/content_copy.svg	content_copy.svg	svg	menu/toolbar action		
toonz/sources/toonz/icons/dark/actions/16/contrast.svg	contrast.svg	svg	menu/toolbar action		
toonz/sources/toonz/icons/dark/actions/16/convert.svg	convert.svg	svg	menu/toolbar action		
toonz/sources/toonz/icons/dark/actions/16/create_in_hold.svg	create_in_hold.svg	svg	menu/toolbar action		
toonz/sources/toonz/icons/dark/actions/16/create_in_hold_on.svg	create_in_hold_on.svg	svg	menu/toolbar action		
toonz/sources/toonz/icons/dark/actions/16/current_on_top.svg	current_on_top.svg	svg	menu/toolbar action		
toonz/sources/toonz/icons/dark/actions/16/cut.svg	cut.svg	svg	menu/toolbar action		
toonz/sources/toonz/icons/dark/actions/16/define_subcamera_preview.svg	define_subcamera_preview.svg	svg	menu/toolbar action		
toonz/sources/toonz/icons/dark/actions/16/delete.svg	delete.svg	svg	menu/toolbar action		
toonz/sources/toonz/icons/dark/actions/16/delete_lines.svg	delete_lines.svg	svg	menu/toolbar action		
toonz/sources/toonz/icons/dark/actions/16/delete_match_lines.svg	delete_match_lines.svg	svg	menu/toolbar action		
toonz/sources/toonz/icons/dark/actions/16/delete_unused_styles.svg	delete_unused_styles.svg	svg	menu/toolbar action		
toonz/sources/toonz/icons/dark/actions/16/desktop.svg	desktop.svg	svg	menu/toolbar action		
toonz/sources/toonz/icons/dark/actions/16/dialogue.svg	dialogue.svg	svg	menu/toolbar action		
toonz/sources/toonz/icons/dark/actions/16/dialogue_import.svg	dialogue_import.svg	svg	menu/toolbar action		
toonz/sources/toonz/icons/dark/actions/16/disconnect.svg	disconnect.svg	svg	menu/toolbar action		
toonz/sources/toonz/icons/dark/actions/16/document.svg	document.svg	svg	menu/toolbar action		
toonz/sources/toonz/icons/dark/actions/16/downloads.svg	downloads.svg	svg	menu/toolbar action		
toonz/sources/toonz/icons/dark/actions/16/duplicate.svg	duplicate.svg	svg	menu/toolbar action		
toonz/sources/toonz/icons/dark/actions/16/duplicate_drawing.svg	duplicate_drawing.svg	svg	menu/toolbar action		
toonz/sources/toonz/icons/dark/actions/16/enter_group.svg	enter_group.svg	svg	menu/toolbar action		
toonz/sources/toonz/icons/dark/actions/16/export.svg	export.svg	svg	menu/toolbar action		
toonz/sources/toonz/icons/dark/actions/16/export_cameratrack.svg	export_cameratrack.svg	svg	menu/toolbar action		
toonz/sources/toonz/icons/dark/actions/16/export_level.svg	export_level.svg	svg	menu/toolbar action		
toonz/sources/toonz/icons/dark/actions/16/export_oca.svg	export_oca.svg	svg	menu/toolbar action		
toonz/sources/toonz/icons/dark/actions/16/export_scene.svg	export_scene.svg	svg	menu/toolbar action		
toonz/sources/toonz/icons/dark/actions/16/export_smimages.svg	export_smimages.svg	svg	menu/toolbar action		
toonz/sources/toonz/icons/dark/actions/16/export_soundtrack.svg	export_soundtrack.svg	svg	menu/toolbar action		
toonz/sources/toonz/icons/dark/actions/16/export_tvpaint.svg	export_tvpaint.svg	svg	menu/toolbar action		
toonz/sources/toonz/icons/dark/actions/16/export_xdts.svg	export_xdts.svg	svg	menu/toolbar action		
toonz/sources/toonz/icons/dark/actions/16/export_xsheetpdf.svg	export_xsheetpdf.svg	svg	menu/toolbar action		
toonz/sources/toonz/icons/dark/actions/16/fast_render_mp4.svg	fast_render_mp4.svg	svg	menu/toolbar action		
toonz/sources/toonz/icons/dark/actions/16/favorites.svg	favorites.svg	svg	menu/toolbar action		
toonz/sources/toonz/icons/dark/actions/16/fb_back.svg	fb_back.svg	svg	menu/toolbar action		
toonz/sources/toonz/icons/dark/actions/16/fb_down.svg	fb_down.svg	svg	menu/toolbar action		
toonz/sources/toonz/icons/dark/actions/16/fb_fwd.svg	fb_fwd.svg	svg	menu/toolbar action		
toonz/sources/toonz/icons/dark/actions/16/fb_up.svg	fb_up.svg	svg	menu/toolbar action		
toonz/sources/toonz/icons/dark/actions/16/file_copy.svg	file_copy.svg	svg	menu/toolbar action		
toonz/sources/toonz/icons/dark/actions/16/filebrowser.svg	filebrowser.svg	svg	menu/toolbar action		
toonz/sources/toonz/icons/dark/actions/16/fill_check.svg	fill_check.svg	svg	menu/toolbar action		
toonz/sources/toonz/icons/dark/actions/16/fill_empty_cells.svg	fill_empty_cells.svg	svg	menu/toolbar action		
toonz/sources/toonz/icons/dark/actions/16/fit_to_window.svg	fit_to_window.svg	svg	menu/toolbar action		
toonz/sources/toonz/icons/dark/actions/16/flipbook.svg	flipbook.svg	svg	menu/toolbar action		
toonz/sources/toonz/icons/dark/actions/16/flipbook_link.svg	flipbook_link.svg	svg	menu/toolbar action		
toonz/sources/toonz/icons/dark/actions/16/fliphoriz.svg	fliphoriz.svg	svg	menu/toolbar action		
toonz/sources/toonz/icons/dark/actions/16/flipvert.svg	flipvert.svg	svg	menu/toolbar action		
toonz/sources/toonz/icons/dark/actions/16/focus.svg	focus.svg	svg	menu/toolbar action		
toonz/sources/toonz/icons/dark/actions/16/fold_column.svg	fold_column.svg	svg	menu/toolbar action		
toonz/sources/toonz/icons/dark/actions/16/folder_new.svg	folder_new.svg	svg	menu/toolbar action		
toonz/sources/toonz/icons/dark/actions/16/framefirst.svg	framefirst.svg	svg	menu/toolbar action		
toonz/sources/toonz/icons/dark/actions/16/framelast.svg	framelast.svg	svg	menu/toolbar action		
toonz/sources/toonz/icons/dark/actions/16/framenext.svg	framenext.svg	svg	menu/toolbar action		
toonz/sources/toonz/icons/dark/actions/16/frameprev.svg	frameprev.svg	svg	menu/toolbar action		
toonz/sources/toonz/icons/dark/actions/16/function_editor.svg	function_editor.svg	svg	menu/toolbar action		
toonz/sources/toonz/icons/dark/actions/16/fx_logo.svg	fx_logo.svg	svg	menu/toolbar action		
toonz/sources/toonz/icons/dark/actions/16/fx_settings.svg	fx_settings.svg	svg	menu/toolbar action		
toonz/sources/toonz/icons/dark/actions/16/gap_check.svg	gap_check.svg	svg	menu/toolbar action		
toonz/sources/toonz/icons/dark/actions/16/gear.svg	gear.svg	svg	menu/toolbar action		
toonz/sources/toonz/icons/dark/actions/16/global_key.svg	global_key.svg	svg	menu/toolbar action		
toonz/sources/toonz/icons/dark/actions/16/global_rest_key.svg	global_rest_key.svg	svg	menu/toolbar action		
toonz/sources/toonz/icons/dark/actions/16/group.svg	group.svg	svg	menu/toolbar action		
toonz/sources/toonz/icons/dark/actions/16/guided_drawing.svg	guided_drawing.svg	svg	menu/toolbar action		
toonz/sources/toonz/icons/dark/actions/16/help.svg	help.svg	svg	menu/toolbar action		
toonz/sources/toonz/icons/dark/actions/16/histograms.svg	histograms.svg	svg	menu/toolbar action		
toonz/sources/toonz/icons/dark/actions/16/history.svg	history.svg	svg	menu/toolbar action		
toonz/sources/toonz/icons/dark/actions/16/implicit_hold.svg	implicit_hold.svg	svg	menu/toolbar action		
toonz/sources/toonz/icons/dark/actions/16/implicit_hold_on.svg	implicit_hold_on.svg	svg	menu/toolbar action		
toonz/sources/toonz/icons/dark/actions/16/import.svg	import.svg	svg	menu/toolbar action		
toonz/sources/toonz/icons/dark/actions/16/import_oca.svg	import_oca.svg	svg	menu/toolbar action		
toonz/sources/toonz/icons/dark/actions/16/inbetween_flip.svg	inbetween_flip.svg	svg	menu/toolbar action		
toonz/sources/toonz/icons/dark/actions/16/info.svg	info.svg	svg	menu/toolbar action		
toonz/sources/toonz/icons/dark/actions/16/ink_check.svg	ink_check.svg	svg	menu/toolbar action		
toonz/sources/toonz/icons/dark/actions/16/ink_no1_check.svg	ink_no1_check.svg	svg	menu/toolbar action		
toonz/sources/toonz/icons/dark/actions/16/inks_only.svg	inks_only.svg	svg	menu/toolbar action		
toonz/sources/toonz/icons/dark/actions/16/insert.svg	insert.svg	svg	menu/toolbar action		
toonz/sources/toonz/icons/dark/actions/16/insert_above_after.svg	insert_above_after.svg	svg	menu/toolbar action		
toonz/sources/toonz/icons/dark/actions/16/insert_frame.svg	insert_frame.svg	svg	menu/toolbar action		
toonz/sources/toonz/icons/dark/actions/16/insert_multiple_keys.svg	insert_multiple_keys.svg	svg	menu/toolbar action		
toonz/sources/toonz/icons/dark/actions/16/invert_selection.svg	invert_selection.svg	svg	menu/toolbar action		
toonz/sources/toonz/icons/dark/actions/16/italic.svg	italic.svg	svg	menu/toolbar action		
toonz/sources/toonz/icons/dark/actions/16/leave_group.svg	leave_group.svg	svg	menu/toolbar action		
toonz/sources/toonz/icons/dark/actions/16/level_info.svg	level_info.svg	svg	menu/toolbar action		
toonz/sources/toonz/icons/dark/actions/16/level_settings.svg	level_settings.svg	svg	menu/toolbar action		
toonz/sources/toonz/icons/dark/actions/16/level_strip.svg	level_strip.svg	svg	menu/toolbar action		
toonz/sources/toonz/icons/dark/actions/16/library.svg	library.svg	svg	menu/toolbar action		
toonz/sources/toonz/icons/dark/actions/16/light_table.svg	light_table.svg	svg	menu/toolbar action		
toonz/sources/toonz/icons/dark/actions/16/link.svg	link.svg	svg	menu/toolbar action		
toonz/sources/toonz/icons/dark/actions/16/load.svg	load.svg	svg	menu/toolbar action		
toonz/sources/toonz/icons/dark/actions/16/load_as_sub_xsheet.svg	load_as_sub_xsheet.svg	svg	menu/toolbar action		
toonz/sources/toonz/icons/dark/actions/16/load_colormodel.svg	load_colormodel.svg	svg	menu/toolbar action		
toonz/sources/toonz/icons/dark/actions/16/load_folder.svg	load_folder.svg	svg	menu/toolbar action		
toonz/sources/toonz/icons/dark/actions/16/load_level.svg	load_level.svg	svg	menu/toolbar action		
toonz/sources/toonz/icons/dark/actions/16/load_scene.svg	load_scene.svg	svg	menu/toolbar action		
toonz/sources/toonz/icons/dark/actions/16/locator.svg	locator.svg	svg	menu/toolbar action		
toonz/sources/toonz/icons/dark/actions/16/lock.svg	lock.svg	svg	menu/toolbar action		
toonz/sources/toonz/icons/dark/actions/16/lock_on.svg	lock_on.svg	svg	menu/toolbar action		
toonz/sources/toonz/icons/dark/actions/16/loop.svg	loop.svg	svg	menu/toolbar action		
toonz/sources/toonz/icons/dark/actions/16/macro.svg	macro.svg	svg	menu/toolbar action		
toonz/sources/toonz/icons/dark/actions/16/manual.svg	manual.svg	svg	menu/toolbar action		
toonz/sources/toonz/icons/dark/actions/16/menu.svg	menu.svg	svg	menu/toolbar action		
toonz/sources/toonz/icons/dark/actions/16/merge.svg	merge.svg	svg	menu/toolbar action		
toonz/sources/toonz/icons/dark/actions/16/merge_levels.svg	merge_levels.svg	svg	menu/toolbar action		
toonz/sources/toonz/icons/dark/actions/16/merge_levels_tlv.svg	merge_levels_tlv.svg	svg	menu/toolbar action		
toonz/sources/toonz/icons/dark/actions/16/messagecenter.svg	messagecenter.svg	svg	menu/toolbar action		
toonz/sources/toonz/icons/dark/actions/16/minus.svg	minus.svg	svg	menu/toolbar action		
toonz/sources/toonz/icons/dark/actions/16/miter_join.svg	miter_join.svg	svg	menu/toolbar action		
toonz/sources/toonz/icons/dark/actions/16/motion_path.svg	motion_path.svg	svg	menu/toolbar action		
toonz/sources/toonz/icons/dark/actions/16/move_back_one.svg	move_back_one.svg	svg	menu/toolbar action		
toonz/sources/toonz/icons/dark/actions/16/move_forward_one.svg	move_forward_one.svg	svg	menu/toolbar action		
toonz/sources/toonz/icons/dark/actions/16/move_to_back.svg	move_to_back.svg	svg	menu/toolbar action		
toonz/sources/toonz/icons/dark/actions/16/move_to_front.svg	move_to_front.svg	svg	menu/toolbar action		
toonz/sources/toonz/icons/dark/actions/16/my_computer.svg	my_computer.svg	svg	menu/toolbar action		
toonz/sources/toonz/icons/dark/actions/16/my_documents.svg	my_documents.svg	svg	menu/toolbar action		
toonz/sources/toonz/icons/dark/actions/16/network.svg	network.svg	svg	menu/toolbar action		
toonz/sources/toonz/icons/dark/actions/16/new_folder_column.svg	new_folder_column.svg	svg	menu/toolbar action		
toonz/sources/toonz/icons/dark/actions/16/new_level.svg	new_level.svg	svg	menu/toolbar action		
toonz/sources/toonz/icons/dark/actions/16/new_note_level.svg	new_note_level.svg	svg	menu/toolbar action		
toonz/sources/toonz/icons/dark/actions/16/new_project.svg	new_project.svg	svg	menu/toolbar action		
toonz/sources/toonz/icons/dark/actions/16/new_raster_level.svg	new_raster_level.svg	svg	menu/toolbar action		
toonz/sources/toonz/icons/dark/actions/16/new_scene.svg	new_scene.svg	svg	menu/toolbar action		
toonz/sources/toonz/icons/dark/actions/16/new_toonz_raster_level.svg	new_toonz_raster_level.svg	svg	menu/toolbar action		
toonz/sources/toonz/icons/dark/actions/16/new_vector_level.svg	new_vector_level.svg	svg	menu/toolbar action		
toonz/sources/toonz/icons/dark/actions/16/newpage.svg	newpage.svg	svg	menu/toolbar action		
toonz/sources/toonz/icons/dark/actions/16/newstyle.svg	newstyle.svg	svg	menu/toolbar action		
toonz/sources/toonz/icons/dark/actions/16/next_drawing.svg	next_drawing.svg	svg	menu/toolbar action		
toonz/sources/toonz/icons/dark/actions/16/next_nav_tag.svg	next_nav_tag.svg	svg	menu/toolbar action		
toonz/sources/toonz/icons/dark/actions/16/nextkey.svg	nextkey.svg	svg	menu/toolbar action		
toonz/sources/toonz/icons/dark/actions/16/nextstep.svg	nextstep.svg	svg	menu/toolbar action		
toonz/sources/toonz/icons/dark/actions/16/notice.svg	notice.svg	svg	menu/toolbar action		
toonz/sources/toonz/icons/dark/actions/16/on_1s.svg	on_1s.svg	svg	menu/toolbar action		
toonz/sources/toonz/icons/dark/actions/16/on_2s.svg	on_2s.svg	svg	menu/toolbar action		
toonz/sources/toonz/icons/dark/actions/16/on_3s.svg	on_3s.svg	svg	menu/toolbar action		
toonz/sources/toonz/icons/dark/actions/16/on_4s.svg	on_4s.svg	svg	menu/toolbar action		
toonz/sources/toonz/icons/dark/actions/16/on_with_empty.svg	on_with_empty.svg	svg	menu/toolbar action		
toonz/sources/toonz/icons/dark/actions/16/opacity_check.svg	opacity_check.svg	svg	menu/toolbar action		
toonz/sources/toonz/icons/dark/actions/16/opentoonz.svg	opentoonz.svg	svg	menu/toolbar action		
toonz/sources/toonz/icons/dark/actions/16/orientation_h.svg	orientation_h.svg	svg	menu/toolbar action		
toonz/sources/toonz/icons/dark/actions/16/orientation_v.svg	orientation_v.svg	svg	menu/toolbar action		
toonz/sources/toonz/icons/dark/actions/16/output.svg	output.svg	svg	menu/toolbar action		
toonz/sources/toonz/icons/dark/actions/16/output_settings.svg	output_settings.svg	svg	menu/toolbar action		
toonz/sources/toonz/icons/dark/actions/16/paint_check.svg	paint_check.svg	svg	menu/toolbar action		
toonz/sources/toonz/icons/dark/actions/16/palette.svg	palette.svg	svg	menu/toolbar action		
toonz/sources/toonz/icons/dark/actions/16/palette_tab.svg	palette_tab.svg	svg	menu/toolbar action		
toonz/sources/toonz/icons/dark/actions/16/palettegizmo.svg	palettegizmo.svg	svg	menu/toolbar action		
toonz/sources/toonz/icons/dark/actions/16/paste.svg	paste.svg	svg	menu/toolbar action		
toonz/sources/toonz/icons/dark/actions/16/paste_above_after.svg	paste_above_after.svg	svg	menu/toolbar action		
toonz/sources/toonz/icons/dark/actions/16/paste_color.svg	paste_color.svg	svg	menu/toolbar action		
toonz/sources/toonz/icons/dark/actions/16/paste_color_and_name.svg	paste_color_and_name.svg	svg	menu/toolbar action		
toonz/sources/toonz/icons/dark/actions/16/paste_duplicate.svg	paste_duplicate.svg	svg	menu/toolbar action		
toonz/sources/toonz/icons/dark/actions/16/paste_into.svg	paste_into.svg	svg	menu/toolbar action		
toonz/sources/toonz/icons/dark/actions/16/paste_name.svg	paste_name.svg	svg	menu/toolbar action		
toonz/sources/toonz/icons/dark/actions/16/paste_numbers.svg	paste_numbers.svg	svg	menu/toolbar action		
toonz/sources/toonz/icons/dark/actions/16/pause.svg	pause.svg	svg	menu/toolbar action		
toonz/sources/toonz/icons/dark/actions/16/pickscreen.svg	pickscreen.svg	svg	menu/toolbar action		
toonz/sources/toonz/icons/dark/actions/16/pingpong.svg	pingpong.svg	svg	menu/toolbar action		
toonz/sources/toonz/icons/dark/actions/16/play.svg	play.svg	svg	menu/toolbar action		
toonz/sources/toonz/icons/dark/actions/16/plugins.svg	plugins.svg	svg	menu/toolbar action		
toonz/sources/toonz/icons/dark/actions/16/plus.svg	plus.svg	svg	menu/toolbar action		
toonz/sources/toonz/icons/dark/actions/16/preset.svg	preset.svg	svg	menu/toolbar action		
toonz/sources/toonz/icons/dark/actions/16/prev_drawing.svg	prev_drawing.svg	svg	menu/toolbar action		
toonz/sources/toonz/icons/dark/actions/16/prev_nav_tag.svg	prev_nav_tag.svg	svg	menu/toolbar action		
toonz/sources/toonz/icons/dark/actions/16/preview.svg	preview.svg	svg	menu/toolbar action		
toonz/sources/toonz/icons/dark/actions/16/preview_black.svg	preview_black.svg	svg	menu/toolbar action		
toonz/sources/toonz/icons/dark/actions/16/preview_checkboard.svg	preview_checkboard.svg	svg	menu/toolbar action		
toonz/sources/toonz/icons/dark/actions/16/preview_settings.svg	preview_settings.svg	svg	menu/toolbar action		
toonz/sources/toonz/icons/dark/actions/16/preview_white.svg	preview_white.svg	svg	menu/toolbar action		
toonz/sources/toonz/icons/dark/actions/16/prevkey.svg	prevkey.svg	svg	menu/toolbar action		
toonz/sources/toonz/icons/dark/actions/16/prevstep.svg	prevstep.svg	svg	menu/toolbar action		
toonz/sources/toonz/icons/dark/actions/16/printer.svg	printer.svg	svg	menu/toolbar action		
toonz/sources/toonz/icons/dark/actions/16/project_settings.svg	project_settings.svg	svg	menu/toolbar action		
toonz/sources/toonz/icons/dark/actions/16/projecting_cap.svg	projecting_cap.svg	svg	menu/toolbar action		
toonz/sources/toonz/icons/dark/actions/16/projects_folder.svg	projects_folder.svg	svg	menu/toolbar action		
toonz/sources/toonz/icons/dark/actions/16/quit.svg	quit.svg	svg	menu/toolbar action		
toonz/sources/toonz/icons/dark/actions/16/random.svg	random.svg	svg	menu/toolbar action		
toonz/sources/toonz/icons/dark/actions/16/record.svg	record.svg	svg	menu/toolbar action		
toonz/sources/toonz/icons/dark/actions/16/recordaudio.svg	recordaudio.svg	svg	menu/toolbar action		
toonz/sources/toonz/icons/dark/actions/16/redo.svg	redo.svg	svg	menu/toolbar action		
toonz/sources/toonz/icons/dark/actions/16/reload_level.svg	reload_level.svg	svg	menu/toolbar action		
toonz/sources/toonz/icons/dark/actions/16/remove.svg	remove.svg	svg	menu/toolbar action		
toonz/sources/toonz/icons/dark/actions/16/remove_cell.svg	remove_cell.svg	svg	menu/toolbar action		
toonz/sources/toonz/icons/dark/actions/16/remove_cells.svg	remove_cells.svg	svg	menu/toolbar action		
toonz/sources/toonz/icons/dark/actions/16/remove_empty_columns.svg	remove_empty_columns.svg	svg	menu/toolbar action		
toonz/sources/toonz/icons/dark/actions/16/remove_frame.svg	remove_frame.svg	svg	menu/toolbar action		
toonz/sources/toonz/icons/dark/actions/16/remove_level.svg	remove_level.svg	svg	menu/toolbar action		
toonz/sources/toonz/icons/dark/actions/16/remove_multiple_keys.svg	remove_multiple_keys.svg	svg	menu/toolbar action		
toonz/sources/toonz/icons/dark/actions/16/remove_unused_levels.svg	remove_unused_levels.svg	svg	menu/toolbar action		
toonz/sources/toonz/icons/dark/actions/16/remove_vector_overflow.svg	remove_vector_overflow.svg	svg	menu/toolbar action		
toonz/sources/toonz/icons/dark/actions/16/rename.svg	rename.svg	svg	menu/toolbar action		
toonz/sources/toonz/icons/dark/actions/16/render.svg	render.svg	svg	menu/toolbar action		
toonz/sources/toonz/icons/dark/actions/16/renumber.svg	renumber.svg	svg	menu/toolbar action		
toonz/sources/toonz/icons/dark/actions/16/repeat.svg	repeat.svg	svg	menu/toolbar action		
toonz/sources/toonz/icons/dark/actions/16/replace_level.svg	replace_level.svg	svg	menu/toolbar action		
toonz/sources/toonz/icons/dark/actions/16/replace_parent_directory.svg	replace_parent_directory.svg	svg	menu/toolbar action		
toonz/sources/toonz/icons/dark/actions/16/resequence.svg	resequence.svg	svg	menu/toolbar action		
toonz/sources/toonz/icons/dark/actions/16/reset.svg	reset.svg	svg	menu/toolbar action		
toonz/sources/toonz/icons/dark/actions/16/reset_cropbox.svg	reset_cropbox.svg	svg	menu/toolbar action		
toonz/sources/toonz/icons/dark/actions/16/resize.svg	resize.svg	svg	menu/toolbar action		
toonz/sources/toonz/icons/dark/actions/16/rest_key.svg	rest_key.svg	svg	menu/toolbar action		
toonz/sources/toonz/icons/dark/actions/16/reverse.svg	reverse.svg	svg	menu/toolbar action		
toonz/sources/toonz/icons/dark/actions/16/revert_level_to_cleanup.svg	revert_level_to_cleanup.svg	svg	menu/toolbar action		
toonz/sources/toonz/icons/dark/actions/16/revert_scene.svg	revert_scene.svg	svg	menu/toolbar action		
toonz/sources/toonz/icons/dark/actions/16/rolldown.svg	rolldown.svg	svg	menu/toolbar action		
toonz/sources/toonz/icons/dark/actions/16/rollup.svg	rollup.svg	svg	menu/toolbar action		
toonz/sources/toonz/icons/dark/actions/16/rotate_reset.svg	rotate_reset.svg	svg	menu/toolbar action		
toonz/sources/toonz/icons/dark/actions/16/rotateleft.svg	rotateleft.svg	svg	menu/toolbar action		
toonz/sources/toonz/icons/dark/actions/16/rotateright.svg	rotateright.svg	svg	menu/toolbar action		
toonz/sources/toonz/icons/dark/actions/16/round_cap.svg	round_cap.svg	svg	menu/toolbar action		
toonz/sources/toonz/icons/dark/actions/16/round_join.svg	round_join.svg	svg	menu/toolbar action		
toonz/sources/toonz/icons/dark/actions/16/run_script.svg	run_script.svg	svg	menu/toolbar action		
toonz/sources/toonz/icons/dark/actions/16/save.svg	save.svg	svg	menu/toolbar action		
toonz/sources/toonz/icons/dark/actions/16/save_all_levels.svg	save_all_levels.svg	svg	menu/toolbar action		
toonz/sources/toonz/icons/dark/actions/16/save_and_render.svg	save_and_render.svg	svg	menu/toolbar action		
toonz/sources/toonz/icons/dark/actions/16/save_default_settings.svg	save_default_settings.svg	svg	menu/toolbar action		
toonz/sources/toonz/icons/dark/actions/16/save_level.svg	save_level.svg	svg	menu/toolbar action		
toonz/sources/toonz/icons/dark/actions/16/save_level_as.svg	save_level_as.svg	svg	menu/toolbar action		
toonz/sources/toonz/icons/dark/actions/16/save_previewed_frames.svg	save_previewed_frames.svg	svg	menu/toolbar action		
toonz/sources/toonz/icons/dark/actions/16/save_scene.svg	save_scene.svg	svg	menu/toolbar action		
toonz/sources/toonz/icons/dark/actions/16/save_scene_as.svg	save_scene_as.svg	svg	menu/toolbar action		
toonz/sources/toonz/icons/dark/actions/16/saveall.svg	saveall.svg	svg	menu/toolbar action		
toonz/sources/toonz/icons/dark/actions/16/saveas.svg	saveas.svg	svg	menu/toolbar action		
toonz/sources/toonz/icons/dark/actions/16/scanner.svg	scanner.svg	svg	menu/toolbar action		
toonz/sources/toonz/icons/dark/actions/16/scanner_define.svg	scanner_define.svg	svg	menu/toolbar action		
toonz/sources/toonz/icons/dark/actions/16/scanner_settings.svg	scanner_settings.svg	svg	menu/toolbar action		
toonz/sources/toonz/icons/dark/actions/16/scene_export.svg	scene_export.svg	svg	menu/toolbar action		
toonz/sources/toonz/icons/dark/actions/16/scene_settings.svg	scene_settings.svg	svg	menu/toolbar action		
toonz/sources/toonz/icons/dark/actions/16/scenecast.svg	scenecast.svg	svg	menu/toolbar action		
toonz/sources/toonz/icons/dark/actions/16/schematic.svg	schematic.svg	svg	menu/toolbar action		
toonz/sources/toonz/icons/dark/actions/16/select_align_bottom.svg	select_align_bottom.svg	svg	menu/toolbar action		
toonz/sources/toonz/icons/dark/actions/16/select_align_center_h.svg	select_align_center_h.svg	svg	menu/toolbar action		
toonz/sources/toonz/icons/dark/actions/16/select_align_center_v.svg	select_align_center_v.svg	svg	menu/toolbar action		
toonz/sources/toonz/icons/dark/actions/16/select_align_left.svg	select_align_left.svg	svg	menu/toolbar action		
toonz/sources/toonz/icons/dark/actions/16/select_align_right.svg	select_align_right.svg	svg	menu/toolbar action		
toonz/sources/toonz/icons/dark/actions/16/select_align_top.svg	select_align_top.svg	svg	menu/toolbar action		
toonz/sources/toonz/icons/dark/actions/16/select_all.svg	select_all.svg	svg	menu/toolbar action		
toonz/sources/toonz/icons/dark/actions/16/select_distribute_h.svg	select_distribute_h.svg	svg	menu/toolbar action		
toonz/sources/toonz/icons/dark/actions/16/select_distribute_v.svg	select_distribute_v.svg	svg	menu/toolbar action		
toonz/sources/toonz/icons/dark/actions/16/separate_colors.svg	separate_colors.svg	svg	menu/toolbar action		
toonz/sources/toonz/icons/dark/actions/16/set_cropbox.svg	set_cropbox.svg	svg	menu/toolbar action		
toonz/sources/toonz/icons/dark/actions/16/set_key.svg	set_key.svg	svg	menu/toolbar action		
toonz/sources/toonz/icons/dark/actions/16/set_linear_cp.svg	set_linear_cp.svg	svg	menu/toolbar action		
toonz/sources/toonz/icons/dark/actions/16/set_nonlinear_cp.svg	set_nonlinear_cp.svg	svg	menu/toolbar action		
toonz/sources/toonz/icons/dark/actions/16/settings_reset.svg	settings_reset.svg	svg	menu/toolbar action		
toonz/sources/toonz/icons/dark/actions/16/shift_and_trace.svg	shift_and_trace.svg	svg	menu/toolbar action		
toonz/sources/toonz/icons/dark/actions/16/shift_and_trace_edit.svg	shift_and_trace_edit.svg	svg	menu/toolbar action		
toonz/sources/toonz/icons/dark/actions/16/shift_and_trace_no_shift.svg	shift_and_trace_no_shift.svg	svg	menu/toolbar action		
toonz/sources/toonz/icons/dark/actions/16/shift_and_trace_reset.svg	shift_and_trace_reset.svg	svg	menu/toolbar action		
toonz/sources/toonz/icons/dark/actions/16/shift_keys_down.svg	shift_keys_down.svg	svg	menu/toolbar action		
toonz/sources/toonz/icons/dark/actions/16/shift_keys_up.svg	shift_keys_up.svg	svg	menu/toolbar action		
toonz/sources/toonz/icons/dark/actions/16/shortcuts.svg	shortcuts.svg	svg	menu/toolbar action		
toonz/sources/toonz/icons/dark/actions/16/show_folder_contents.svg	show_folder_contents.svg	svg	menu/toolbar action		
toonz/sources/toonz/icons/dark/actions/16/snapshot.svg	snapshot.svg	svg	menu/toolbar action		
toonz/sources/toonz/icons/dark/actions/16/sound.svg	sound.svg	svg	menu/toolbar action		
toonz/sources/toonz/icons/dark/actions/16/sound_on.svg	sound_on.svg	svg	menu/toolbar action		
toonz/sources/toonz/icons/dark/actions/16/squarepixel.svg	squarepixel.svg	svg	menu/toolbar action		
toonz/sources/toonz/icons/dark/actions/16/star.svg	star.svg	svg	menu/toolbar action		
toonz/sources/toonz/icons/dark/actions/16/step_2.svg	step_2.svg	svg	menu/toolbar action		
toonz/sources/toonz/icons/dark/actions/16/step_3.svg	step_3.svg	svg	menu/toolbar action		
toonz/sources/toonz/icons/dark/actions/16/step_4.svg	step_4.svg	svg	menu/toolbar action		
toonz/sources/toonz/icons/dark/actions/16/step_minus.svg	step_minus.svg	svg	menu/toolbar action		
toonz/sources/toonz/icons/dark/actions/16/step_plus.svg	step_plus.svg	svg	menu/toolbar action		
toonz/sources/toonz/icons/dark/actions/16/step_reset.svg	step_reset.svg	svg	menu/toolbar action		
toonz/sources/toonz/icons/dark/actions/16/stop.svg	stop.svg	svg	menu/toolbar action		
toonz/sources/toonz/icons/dark/actions/16/stop_frame_hold.svg	stop_frame_hold.svg	svg	menu/toolbar action		
toonz/sources/toonz/icons/dark/actions/16/studiopalette.svg	studiopalette.svg	svg	menu/toolbar action		
toonz/sources/toonz/icons/dark/actions/16/styleeditor.svg	styleeditor.svg	svg	menu/toolbar action		
toonz/sources/toonz/icons/dark/actions/16/stylesets.svg	stylesets.svg	svg	menu/toolbar action		
toonz/sources/toonz/icons/dark/actions/16/sub_clone.svg	sub_clone.svg	svg	menu/toolbar action		
toonz/sources/toonz/icons/dark/actions/16/sub_collapse.svg	sub_collapse.svg	svg	menu/toolbar action		
toonz/sources/toonz/icons/dark/actions/16/sub_edit_in_place.svg	sub_edit_in_place.svg	svg	menu/toolbar action		
toonz/sources/toonz/icons/dark/actions/16/sub_enter.svg	sub_enter.svg	svg	menu/toolbar action		
toonz/sources/toonz/icons/dark/actions/16/sub_explode.svg	sub_explode.svg	svg	menu/toolbar action		
toonz/sources/toonz/icons/dark/actions/16/sub_leave.svg	sub_leave.svg	svg	menu/toolbar action		
toonz/sources/toonz/icons/dark/actions/16/sub_main_audio.svg	sub_main_audio.svg	svg	menu/toolbar action		
toonz/sources/toonz/icons/dark/actions/16/sub_xsheet.svg	sub_xsheet.svg	svg	menu/toolbar action		
toonz/sources/toonz/icons/dark/actions/16/sub_xsheet_saveas.svg	sub_xsheet_saveas.svg	svg	menu/toolbar action		
toonz/sources/toonz/icons/dark/actions/16/subcamera.svg	subcamera.svg	svg	menu/toolbar action		
toonz/sources/toonz/icons/dark/actions/16/swing.svg	swing.svg	svg	menu/toolbar action		
toonz/sources/toonz/icons/dark/actions/16/table.svg	table.svg	svg	menu/toolbar action		
toonz/sources/toonz/icons/dark/actions/16/tahoma2d.svg	tahoma2d.svg	svg	menu/toolbar action		
toonz/sources/toonz/icons/dark/actions/16/tape_end_to_end.svg	tape_end_to_end.svg	svg	menu/toolbar action		
toonz/sources/toonz/icons/dark/actions/16/tape_end_to_line.svg	tape_end_to_line.svg	svg	menu/toolbar action		
toonz/sources/toonz/icons/dark/actions/16/tape_line_to_line.svg	tape_line_to_line.svg	svg	menu/toolbar action		
toonz/sources/toonz/icons/dark/actions/16/tasks.svg	tasks.svg	svg	menu/toolbar action		
toonz/sources/toonz/icons/dark/actions/16/thickness.svg	thickness.svg	svg	menu/toolbar action		
toonz/sources/toonz/icons/dark/actions/16/time_stretch.svg	time_stretch.svg	svg	menu/toolbar action		
toonz/sources/toonz/icons/dark/actions/16/timeline.svg	timeline.svg	svg	menu/toolbar action		
toonz/sources/toonz/icons/dark/actions/16/toggle_autofill.svg	toggle_autofill.svg	svg	menu/toolbar action		
toonz/sources/toonz/icons/dark/actions/16/toggle_fullscreen.svg	toggle_fullscreen.svg	svg	menu/toolbar action		
toonz/sources/toonz/icons/dark/actions/16/toggle_nav_tag.svg	toggle_nav_tag.svg	svg	menu/toolbar action		
toonz/sources/toonz/icons/dark/actions/16/toggle_sub_nav.svg	toggle_sub_nav.svg	svg	menu/toolbar action		
toonz/sources/toonz/icons/dark/actions/16/tool.svg	tool.svg	svg	menu/toolbar action		
toonz/sources/toonz/icons/dark/actions/16/tool_options.svg	tool_options.svg	svg	menu/toolbar action		
toonz/sources/toonz/icons/dark/actions/16/transparency_check.svg	transparency_check.svg	svg	menu/toolbar action		
toonz/sources/toonz/icons/dark/actions/16/uncache_fx.svg	uncache_fx.svg	svg	menu/toolbar action		
toonz/sources/toonz/icons/dark/actions/16/underline.svg	underline.svg	svg	menu/toolbar action		
toonz/sources/toonz/icons/dark/actions/16/undo.svg	undo.svg	svg	menu/toolbar action		
toonz/sources/toonz/icons/dark/actions/16/ungroup.svg	ungroup.svg	svg	menu/toolbar action		
toonz/sources/toonz/icons/dark/actions/16/unlink.svg	unlink.svg	svg	menu/toolbar action		
toonz/sources/toonz/icons/dark/actions/16/use_subcamera_preview.svg	use_subcamera_preview.svg	svg	menu/toolbar action		
toonz/sources/toonz/icons/dark/actions/16/use_subcamera_preview_on.svg	use_subcamera_preview_on.svg	svg	menu/toolbar action		
toonz/sources/toonz/icons/dark/actions/16/view_file.svg	view_file.svg	svg	menu/toolbar action		
toonz/sources/toonz/icons/dark/actions/16/view_guided_drawing.svg	view_guided_drawing.svg	svg	menu/toolbar action		
toonz/sources/toonz/icons/dark/actions/16/view_guided_drawing_on.svg	view_guided_drawing_on.svg	svg	menu/toolbar action		
toonz/sources/toonz/icons/dark/actions/16/view_vector_as_raster.svg	view_vector_as_raster.svg	svg	menu/toolbar action		
toonz/sources/toonz/icons/dark/actions/16/viewer.svg	viewer.svg	svg	menu/toolbar action		
toonz/sources/toonz/icons/dark/actions/16/viewicon.svg	viewicon.svg	svg	menu/toolbar action		
toonz/sources/toonz/icons/dark/actions/16/viewlist.svg	viewlist.svg	svg	menu/toolbar action		
toonz/sources/toonz/icons/dark/actions/16/web.svg	web.svg	svg	menu/toolbar action		
toonz/sources/toonz/icons/dark/actions/16/xsheet.svg	xsheet.svg	svg	menu/toolbar action		
toonz/sources/toonz/icons/dark/actions/16/xsheet_connect.svg	xsheet_connect.svg	svg	menu/toolbar action		
toonz/sources/toonz/icons/dark/actions/16/xsheet_disconnect.svg	xsheet_disconnect.svg	svg	menu/toolbar action		
toonz/sources/toonz/icons/dark/actions/16/zero_thick_lines.svg	zero_thick_lines.svg	svg	menu/toolbar action		
toonz/sources/toonz/icons/dark/actions/16/zoom_reset.svg	zoom_reset.svg	svg	menu/toolbar action		
toonz/sources/toonz/icons/dark/actions/16/zoomin.svg	zoomin.svg	svg	menu/toolbar action		
toonz/sources/toonz/icons/dark/actions/16/zoomout.svg	zoomout.svg	svg	menu/toolbar action		
toonz/sources/toonz/icons/dark/actions/74/notelevel.svg	notelevel.svg	svg	menu/toolbar action		
toonz/sources/toonz/icons/dark/actions/17/syncheader.svg	syncheader.svg	svg	menu/toolbar action		
toonz/sources/toonz/icons/dark/actions/17/syncscale.svg	syncscale.svg	svg	menu/toolbar action		
toonz/sources/toonz/icons/dark/actions/30/folder_arrow_down.svg	folder_arrow_down.svg	svg	menu/toolbar action		
toonz/sources/toonz/icons/dark/actions/30/folder_arrow_left.svg	folder_arrow_left.svg	svg	menu/toolbar action		
toonz/sources/toonz/icons/dark/actions/30/folder_arrow_right.svg	folder_arrow_right.svg	svg	menu/toolbar action		
toonz/sources/toonz/icons/dark/actions/30/folder_arrow_up.svg	folder_arrow_up.svg	svg	menu/toolbar action		
toonz/sources/toonz/icons/dark/actions/30/footermemo.svg	footermemo.svg	svg	menu/toolbar action		
toonz/sources/toonz/icons/dark/actions/30/newmemo.svg	newmemo.svg	svg	menu/toolbar action		
toonz/sources/toonz/icons/dark/actions/30/sound_header.svg	sound_header.svg	svg	menu/toolbar action		
toonz/sources/toonz/icons/dark/actions/30/sound_header_on.svg	sound_header_on.svg	svg	menu/toolbar action		
toonz/sources/toonz/icons/dark/actions/48/colorchiporder_leftup.svg	colorchiporder_leftup.svg	svg	menu/toolbar action		
toonz/sources/toonz/icons/dark/actions/48/colorchiporder_lowleft.svg	colorchiporder_lowleft.svg	svg	menu/toolbar action		
toonz/sources/toonz/icons/dark/actions/48/colorchiporder_upleft.svg	colorchiporder_upleft.svg	svg	menu/toolbar action		
toonz/sources/toonz/icons/dark/actions/15/toggle_col_number.svg	toggle_col_number.svg	svg	menu/toolbar action		
toonz/sources/toonz/icons/dark/actions/15/toggle_col_number_rollover.svg	toggle_col_number_rollover.svg	svg	menu/toolbar action		
toonz/sources/toonz/icons/dark/actions/15/toggle_col_parent.svg	toggle_col_parent.svg	svg	menu/toolbar action		
toonz/sources/toonz/icons/dark/actions/15/toggle_col_parent_rollover.svg	toggle_col_parent_rollover.svg	svg	menu/toolbar action		
toonz/sources/toonz/icons/dark/actions/15/zoom_in.svg	zoom_in.svg	svg	menu/toolbar action		
toonz/sources/toonz/icons/dark/actions/15/zoom_in_rollover.svg	zoom_in_rollover.svg	svg	menu/toolbar action		
toonz/sources/toonz/icons/dark/actions/15/zoom_out.svg	zoom_out.svg	svg	menu/toolbar action		
toonz/sources/toonz/icons/dark/actions/15/zoom_out_rollover.svg	zoom_out_rollover.svg	svg	menu/toolbar action		
toonz/sources/toonz/icons/dark/console/20/channelblue.svg	channelblue.svg	svg	flipconsole playback		
toonz/sources/toonz/icons/dark/console/20/channelblue_on.svg	channelblue_on.svg	svg	flipconsole playback		
toonz/sources/toonz/icons/dark/console/20/channelblue_over.svg	channelblue_over.svg	svg	flipconsole playback		
toonz/sources/toonz/icons/dark/console/20/channelgreen.svg	channelgreen.svg	svg	flipconsole playback		
toonz/sources/toonz/icons/dark/console/20/channelgreen_on.svg	channelgreen_on.svg	svg	flipconsole playback		
toonz/sources/toonz/icons/dark/console/20/channelgreen_over.svg	channelgreen_over.svg	svg	flipconsole playback		
toonz/sources/toonz/icons/dark/console/20/channelmatte.svg	channelmatte.svg	svg	flipconsole playback		
toonz/sources/toonz/icons/dark/console/20/channelmatte_on.svg	channelmatte_on.svg	svg	flipconsole playback		
toonz/sources/toonz/icons/dark/console/20/channelmatte_over.svg	channelmatte_over.svg	svg	flipconsole playback		
toonz/sources/toonz/icons/dark/console/20/channelred.svg	channelred.svg	svg	flipconsole playback		
toonz/sources/toonz/icons/dark/console/20/channelred_on.svg	channelred_on.svg	svg	flipconsole playback		
toonz/sources/toonz/icons/dark/console/20/channelred_over.svg	channelred_over.svg	svg	flipconsole playback		
toonz/sources/toonz/icons/dark/console/20/half_B.svg	half_B.svg	svg	flipconsole playback		
toonz/sources/toonz/icons/dark/console/20/half_B_on.svg	half_B_on.svg	svg	flipconsole playback		
toonz/sources/toonz/icons/dark/console/20/half_B_over.svg	half_B_over.svg	svg	flipconsole playback		
toonz/sources/toonz/icons/dark/console/20/half_G.svg	half_G.svg	svg	flipconsole playback		
toonz/sources/toonz/icons/dark/console/20/half_G_on.svg	half_G_on.svg	svg	flipconsole playback		
toonz/sources/toonz/icons/dark/console/20/half_G_over.svg	half_G_over.svg	svg	flipconsole playback		
toonz/sources/toonz/icons/dark/console/20/half_R.svg	half_R.svg	svg	flipconsole playback		
toonz/sources/toonz/icons/dark/console/20/half_R_on.svg	half_R_on.svg	svg	flipconsole playback		
toonz/sources/toonz/icons/dark/console/20/half_R_over.svg	half_R_over.svg	svg	flipconsole playback		
toonz/sources/toonz/icons/dark/console/20/half_bw.svg	half_bw.svg	svg	flipconsole playback		
toonz/sources/toonz/icons/dark/console/20/half_bw_on.svg	half_bw_on.svg	svg	flipconsole playback		
toonz/sources/toonz/icons/dark/console/20/half_bw_over.svg	half_bw_over.svg	svg	flipconsole playback		
(toggle - no icon)	listen_main_audio (menu)	-	Ztoryc toggle: Listen to Main Audio (MI_ToggleMainAudio, solo menu)	tabler/headphones	
toonz/sources/toonz/icons/dark/actions/20/segment_linked.svg	segment_linked (core)	svg	Ztoryc toggle: Keyframes Follow Exposure (icona core in prestito)	CUSTOM	keyframe (rombo) con foglio/cella sotto
(toggle - text 'Trk')	camLabelButton	-	Ztoryc Board toggle: Show camera-move labels (testo 'Trk', no icona)	CUSTOM	videocamera con 'T' di testo (con grazie) dentro = mostra label movimento
(toggle - text 'L')	lightShowBtn	-	Ztoryc animatic toggle: Show light-direction arrows (testo 'L'; edit usa emoji)	CUSTOM	freccia con punta conica (stilizzazione della freccia luce del panel)
(toggle - text 'U')	snapBtn	-	Ztoryc animatic toggle: Snap (testo 'U', no icona)	lucide/magnet (on) + tabler/magnet-off (off)	Lucide non ha magnet-off: off preso da Tabler (stessa famiglia stroke). Alt: ridisegnare off in stile Lucide
